{"accuracy": [0.33604443073272705, 0.45188888907432556, 0.5000444650650024, 0.5282889008522034, 0.5601555705070496, 0.5727333426475525, 0.5838444232940674, 0.5926222205162048, 0.6094666719436646, 0.6133777499198914, 0.614799976348877, 0.6262444257736206, 0.6241333484649658, 0.6284444332122803, 0.6313111186027527, 0.629955530166626, 0.6382222175598145, 0.6396666765213013, 0.6443777680397034, 0.643488883972168], "loss": [1.765411138534546, 1.4903324842453003, 1.3711950778961182, 1.3010255098342896, 1.2214099168777466, 1.1850694417953491, 1.1502174139022827, 1.1391021013259888, 1.1006639003753662, 1.0822293758392334, 1.073904275894165, 1.0453962087631226, 1.049728512763977, 1.039717197418213, 1.0303587913513184, 1.0290335416793823, 1.018430471420288, 1.009861707687378, 1.0051426887512207, 1.003238320350647], "val_accuracy": [0.19120000302791595, 0.44620001316070557, 0.4187999963760376, 0.30399999022483826, 0.5892000198364258, 0.6021999716758728, 0.5012000203132629, 0.5723999738693237, 0.6309999823570251, 0.6251999735832214, 0.5960000157356262, 0.6159999966621399, 0.6484000086784363, 0.6075999736785889, 0.6794000267982483, 0.651199996471405, 0.6394000053405762, 0.65420001745224, 0.6621999740600586, 0.647599995136261], "val_loss": [2.748159408569336, 1.462991714477539, 2.024169921875, 2.5408191680908203, 1.182369589805603, 1.1600711345672607, 1.4615933895111084, 1.2018402814865112, 1.0398966073989868, 1.0568019151687622, 1.1616473197937012, 1.1282548904418945, 1.0012431144714355, 1.1447880268096924, 0.9245958924293518, 0.9919302463531494, 1.0502707958221436, 0.9847109317779541, 0.9789137840270996, 1.0307636260986328], "learning_rate": [0.0010000000474974513, 0.0010000000474974513, 0.0010000000474974513, 0.0010000000474974513, 0.0005000000237487257, 0.0005000000237487257, 0.0005000000237487257, 0.0005000000237487257, 0.0002500000118743628, 0.0002500000118743628, 0.0002500000118743628, 0.0001250000059371814, 0.0001250000059371814, 0.0001250000059371814, 0.0001250000059371814, 0.0001250000059371814, 0.0001250000059371814, 6.25000029685907e-05, 6.25000029685907e-05, 3.125000148429535e-05]}