{"accuracy": [0.21951110661029816, 0.30959999561309814, 0.35517778992652893, 0.37584444880485535, 0.39340001344680786], "loss": [2.0294301509857178, 1.7875667810440063, 1.6948543787002563, 1.658950924873352, 1.6200416088104248], "val_accuracy": [0.287200003862381, 0.3725999891757965, 0.3774000108242035, 0.40299999713897705, 0.40779998898506165], "val_loss": [1.8886675834655762, 1.6589765548706055, 1.7335621118545532, 1.6406571865081787, 1.6438159942626953], "learning_rate": [0.0010000000474974513, 0.0010000000474974513, 0.0005000000237487257, 0.0005000000237487257, 0.0002500000118743628]}